{"lr":0.0001,"_timestamp":1.7626294029751635e+09,"_step":700,"loss":0.011342281475663185,"_wandb":{"runtime":1809},"_runtime":1809.786673255}